{
	"json":"json string",
    "shape1":[
              {"s1":1879,"s2":8279,"s3":1847,"s4":8247,"s5":3471,"s6":6671,"s7":3455,"s8":6655,"s9":5063}
              ],
    "shape2":[
              {"s1":2879,"s2":7179,"s3":1868,"s4":3968,"s5":6068,"s6":8168,"s7":2957,"s8":7057,"s9":5047}
              ],
    "shape3":[
              {"s1":3979,"s2":6079,"s3":2863,"s4":7163,"s5":5063,"s6":1847,"s7":8147,"s8":3947,"s9":6047}
              ],
    "shape4":[
              {"s1":1879,"s2":3979,"s3":6079,"s4":8179,"s5":2863,"s6":5063,"s7":7163,"s8":3947,"s9":6047}
              ],
    "shape5":[
              {"s1":5079,"s2":2968,"s3":7068,"s4":1857,"s5":3957,"s6":6057,"s7":8157,"s8":2847,"s9":7147}
              ],
    "shape6":[
              {"s1":1879,"s2":8279,"s3":1847,"s4":8247,"s5":3471,"s6":6671,"s7":3455,"s8":6655,"s9":5063}
              ],
    "pic1":[
            {"id":11,"pictureName":"gamescene/11.png","isCover":false},
            {"id":16,"pictureName":"gamescene/16.png","isCover":false}
            ],
    "pic2":[
            {"id":11,"pictureName":"gamescene/11.png","isCover":false},
            {"id":13,"pictureName":"gamescene/13.png","isCover":false}
            ],
    "pic3":[
            {"id":11,"pictureName":"gamescene/11.png","isCover":false},
            {"id":11,"pictureName":"gamescene/11.png","isCover":false}
            ],
    "pic4":[
            {"id":13,"pictureName":"gamescene/13.png","isCover":false},
            {"id":16,"pictureName":"gamescene/16.png","isCover":false}
            ],
    "pic5":[
            {"id":11,"pictureName":"gamescene/11.png","isCover":false},
            {"id":16,"pictureName":"gamescene/16.png","isCover":false}
            ],
    "pic6":[
            {"id":11,"pictureName":"gamescene/11.png","isCover":false},
            {"id":11,"pictureName":"gamescene/11.png","isCover":false},
            {"id":16,"pictureName":"gamescene/16.png","isCover":false}
            ],
    "pic7":[
            {"id":13,"pictureName":"gamescene/13.png","isCover":false},
            {"id":13,"pictureName":"gamescene/13.png","isCover":false},
            {"id":13,"pictureName":"gamescene/13.png","isCover":false}
            ],
    "pic8":[
            {"id":11,"pictureName":"gamescene/11.png","isCover":false},
            {"id":11,"pictureName":"gamescene/11.png","isCover":false},
            {"id":11,"pictureName":"gamescene/11.png","isCover":false}
            ],
    "pic9":[
            {"id":11,"pictureName":"gamescene/11.png","isCover":false},
            {"id":13,"pictureName":"gamescene/13.png","isCover":false},
            {"id":11,"pictureName":"gamescene/11.png","isCover":false}
            ],
    "pic10":[
            {"id":11,"pictureName":"gamescene/11.png","isCover":false},
            {"id":13,"pictureName":"gamescene/13.png","isCover":false},
            {"id":11,"pictureName":"gamescene/11.png","isCover":false}
            ],
    "pic11":[
            {"id":11,"pictureName":"gamescene/11.png","isCover":false},
            {"id":11,"pictureName":"gamescene/11.png","isCover":false},
            {"id":16,"pictureName":"gamescene/16.png","isCover":false}
            ],
    "pic12":[
            {"id":11,"pictureName":"gamescene/11.png","isCover":false},
            {"id":11,"pictureName":"gamescene/11.png","isCover":false},
            {"id":13,"pictureName":"gamescene/13.png","isCover":false}
            ],
    "pic13":[
            {"id":13,"pictureName":"gamescene/13.png","isCover":false},
            {"id":13,"pictureName":"gamescene/13.png","isCover":false},
            {"id":16,"pictureName":"gamescene/16.png","isCover":false}
            ],
    "pic14":[
            {"id":16,"pictureName":"gamescene/16.png","isCover":false},
            {"id":16,"pictureName":"gamescene/16.png","isCover":false},
            {"id":11,"pictureName":"gamescene/11.png","isCover":false},
            {"id":11,"pictureName":"gamescene/11.png","isCover":false}
            ],
    "pic15":[
            {"id":16,"pictureName":"gamescene/16.png","isCover":false},
            {"id":16,"pictureName":"gamescene/16.png","isCover":false},
            {"id":16,"pictureName":"gamescene/16.png","isCover":false},
            {"id":16,"pictureName":"gamescene/16.png","isCover":false}
            ],
    "pic16":[
            {"id":11,"pictureName":"gamescene/11.png","isCover":false},
            {"id":11,"pictureName":"gamescene/11.png","isCover":false},
            {"id":11,"pictureName":"gamescene/11.png","isCover":false},
            {"id":11,"pictureName":"gamescene/11.png","isCover":false}
            ],
    "pic17":[
            {"id":13,"pictureName":"gamescene/13.png","isCover":false},
            {"id":13,"pictureName":"gamescene/13.png","isCover":false},
            {"id":13,"pictureName":"gamescene/13.png","isCover":false},
            {"id":11,"pictureName":"gamescene/11.png","isCover":false}
            ],
    "pic18":[
            {"id":13,"pictureName":"gamescene/13.png","isCover":false},
            {"id":11,"pictureName":"gamescene/11.png","isCover":false},
            {"id":13,"pictureName":"gamescene/13.png","isCover":false},
            {"id":16,"pictureName":"gamescene/16.png","isCover":false}
            ],
   
    "pic19":[
             {"id":37,"pictureName":"gamescene/37.png","isCover":false},
             {"id":38,"pictureName":"gamescene/38.png","isCover":false},
             {"id":36,"pictureName":"gamescene/36.png","isCover":false},
             {"id":33,"pictureName":"gamescene/33.png","isCover":false}
             ],
    "pic20":[
             {"id":33,"pictureName":"gamescene/33.png","isCover":false},
             {"id":38,"pictureName":"gamescene/38.png","isCover":false},
             {"id":36,"pictureName":"gamescene/36.png","isCover":false},
             {"id":37,"pictureName":"gamescene/37.png","isCover":false}
             ],
    "pic21":[
             {"id":33,"pictureName":"gamescene/33.png","isCover":false},
             {"id":36,"pictureName":"gamescene/36.png","isCover":false},
             {"id":37,"pictureName":"gamescene/37.png","isCover":false},
             {"id":38,"pictureName":"gamescene/38.png","isCover":false}
             ],
    "pic22":[
             {"id":37,"pictureName":"gamescene/37.png","isCover":false},
             {"id":36,"pictureName":"gamescene/36.png","isCover":false},
             {"id":33,"pictureName":"gamescene/33.png","isCover":false},
             {"id":38,"pictureName":"gamescene/38.png","isCover":false}
             ],
    "pic23":[
             {"id":38,"pictureName":"gamescene/38.png","isCover":false},
             {"id":33,"pictureName":"gamescene/33.png","isCover":false},
             {"id":37,"pictureName":"gamescene/37.png","isCover":false},
             {"id":36,"pictureName":"gamescene/36.png","isCover":false}
             ],
    "pic24":[
             {"id":37,"pictureName":"gamescene/37.png","isCover":false},
             {"id":38,"pictureName":"gamescene/38.png","isCover":false},
             {"id":36,"pictureName":"gamescene/36.png","isCover":false},
             {"id":33,"pictureName":"gamescene/33.png","isCover":false}
             ],
    "pic25":[
             {"id":38,"pictureName":"gamescene/38.png","isCover":false},
             {"id":36,"pictureName":"gamescene/36.png","isCover":false},
             {"id":37,"pictureName":"gamescene/37.png","isCover":false},
             {"id":33,"pictureName":"gamescene/33.png","isCover":false}
             ],
    "pic26":[
             {"id":33,"pictureName":"gamescene/33.png","isCover":false},
             {"id":37,"pictureName":"gamescene/37.png","isCover":false},
             {"id":36,"pictureName":"gamescene/36.png","isCover":false},
             {"id":38,"pictureName":"gamescene/38.png","isCover":false}
             ],
    "pic27":[
             {"id":37,"pictureName":"gamescene/37.png","isCover":false},
             {"id":36,"pictureName":"gamescene/36.png","isCover":false},
             {"id":38,"pictureName":"gamescene/38.png","isCover":false},
             {"id":33,"pictureName":"gamescene/33.png","isCover":false}
             ],
    "pic28":[
             {"id":37,"pictureName":"gamescene/37.png","isCover":false},
             {"id":36,"pictureName":"gamescene/36.png","isCover":false},
             {"id":38,"pictureName":"gamescene/38.png","isCover":false},
             {"id":33,"pictureName":"gamescene/33.png","isCover":false}
             ],
    "pic29":[
             {"id":37,"pictureName":"gamescene/37.png","isCover":false},
             {"id":36,"pictureName":"gamescene/36.png","isCover":false},
             {"id":38,"pictureName":"gamescene/38.png","isCover":false},
             {"id":33,"pictureName":"gamescene/33.png","isCover":false}
             ],
    "pic30":[
             {"id":37,"pictureName":"gamescene/37.png","isCover":false},
             {"id":36,"pictureName":"gamescene/36.png","isCover":false},
             {"id":38,"pictureName":"gamescene/38.png","isCover":false},
             {"id":33,"pictureName":"gamescene/33.png","isCover":false}             ],
    "pic31":[
             {"id":37,"pictureName":"gamescene/37.png","isCover":false},
             {"id":36,"pictureName":"gamescene/36.png","isCover":false},
             {"id":38,"pictureName":"gamescene/38.png","isCover":false},
             {"id":33,"pictureName":"gamescene/33.png","isCover":false}
             ],
    "pic32":[
             {"id":37,"pictureName":"gamescene/37.png","isCover":false},
             {"id":36,"pictureName":"gamescene/36.png","isCover":false},
             {"id":38,"pictureName":"gamescene/38.png","isCover":false},
             {"id":33,"pictureName":"gamescene/33.png","isCover":false}
             ],
    "pic33":[
             {"id":37,"pictureName":"gamescene/37.png","isCover":false},
             {"id":36,"pictureName":"gamescene/36.png","isCover":false},
             {"id":38,"pictureName":"gamescene/38.png","isCover":false},
             {"id":33,"pictureName":"gamescene/33.png","isCover":false}
             ],
    "pic34":[
             {"id":37,"pictureName":"gamescene/37.png","isCover":false},
             {"id":36,"pictureName":"gamescene/36.png","isCover":false},
             {"id":38,"pictureName":"gamescene/38.png","isCover":false},
             {"id":33,"pictureName":"gamescene/33.png","isCover":false}
             ],
    "pic35":[
             {"id":37,"pictureName":"gamescene/37.png","isCover":false},
             {"id":36,"pictureName":"gamescene/36.png","isCover":false},
             {"id":38,"pictureName":"gamescene/38.png","isCover":false},
             {"id":33,"pictureName":"gamescene/33.png","isCover":false}
             ],
    "pic36":[
             {"id":37,"pictureName":"gamescene/37.png","isCover":false},
             {"id":36,"pictureName":"gamescene/36.png","isCover":false},
             {"id":38,"pictureName":"gamescene/38.png","isCover":false},
             {"id":33,"pictureName":"gamescene/33.png","isCover":false}
             ],
    
	"1":[
         {"inttag":11,"picName":"gamescene/111.png","positionX":15,"positionY":12,"rotation":180},
         {"inttag":66,"picName":"gamescene/116.png","positionX":15,"positionY":9,"rotation":0},
         {"inttag":1011,"picName":"gamescene/1011.png","positionX":15,"positionY":10,"rotation":0}
		],
    "2":[
         {"inttag":13,"picName":"gamescene/113.png","positionX":15,"positionY":10,"rotation":45},
         {"inttag":111,"picName":"gamescene/111.png","positionX":15,"positionY":9,"rotation":0},
         {"inttag":1012,"picName":"gamescene/1012.png","positionX":15,"positionY":10,"rotation":0}
         ],
    "3":[
         
         {"inttag":11,"picName":"gamescene/111.png","positionX":15,"positionY":11,"rotation":0},
         {"inttag":11,"picName":"gamescene/111.png","positionX":15,"positionY":9,"rotation":180},
         {"inttag":1013,"picName":"gamescene/1013.png","positionX":15,"positionY":10,"rotation":0}
         ],
    "4":[
         {"inttag":13,"picName":"gamescene/113.png","positionX":15,"positionY":11,"rotation":45},
         {"inttag":16,"picName":"gamescene/116.png","positionX":15,"positionY":7,"rotation":0},
         {"inttag":1014,"picName":"gamescene/1014.png","positionX":15,"positionY":10,"rotation":0}
         ],
    "5":[
         {"inttag":16,"picName":"gamescene/116.png","positionX":15,"positionY":10,"rotation":0},
         {"inttag":11,"picName":"gamescene/111.png","positionX":15,"positionY":9,"rotation":180},
         {"inttag":1015,"picName":"gamescene/1015.png","positionX":15,"positionY":10,"rotation":0}
         ],
    "6":[
         {"inttag":16,"picName":"gamescene/116.png","positionX":15,"positionY":12,"rotation":0},
         {"inttag":11,"picName":"gamescene/111.png","positionX":11,"positionY":8,"rotation":0},
         {"inttag":11,"picName":"gamescene/111.png","positionX":19,"positionY":8,"rotation":0},
         {"inttag":1016,"picName":"gamescene/1016.png","positionX":15,"positionY":10,"rotation":0}
         ],
    "7":[
         {"inttag":13,"picName":"gamescene/113.png","positionX":11,"positionY":12,"rotation":0},
         {"inttag":13,"picName":"gamescene/113.png","positionX":15,"positionY":10,"rotation":0},
         {"inttag":13,"picName":"gamescene/113.png","positionX":19,"positionY":8,"rotation":0},
         {"inttag":1017,"picName":"gamescene/1017.png","positionX":15,"positionY":10,"rotation":0}
         ],
    "8":[
         {"inttag":11,"picName":"gamescene/111.png","positionX":11,"positionY":10,"rotation":0},
         {"inttag":11,"picName":"gamescene/111.png","positionX":15,"positionY":10,"rotation":180},
         {"inttag":11,"picName":"gamescene/111.png","positionX":19,"positionY":10,"rotation":0},
         {"inttag":1018,"picName":"gamescene/1018.png","positionX":15,"positionY":10,"rotation":0}
         ],
    "9":[
         {"inttag":11,"picName":"gamescene/111.png","positionX":15,"positionY":14,"rotation":0},
         {"inttag":13,"picName":"gamescene/113.png","positionX":15,"positionY":10,"rotation":45},
         {"inttag":11,"picName":"gamescene/111.png","positionX":15,"positionY":6,"rotation":180},
         {"inttag":1019,"picName":"gamescene/1019.png","positionX":15,"positionY":10,"rotation":0}
         ],
    "10":[
         {"inttag":11,"picName":"gamescene/111.png","positionX":10,"positionY":15,"rotation":0},
         {"inttag":13,"picName":"gamescene/113.png","positionX":10,"positionY":8,"rotation":0},
         {"inttag":11,"picName":"gamescene/111.png","positionX":10,"positionY":6,"rotation":0},
         {"inttag":1021,"picName":"gamescene/1021.png","positionX":15,"positionY":10,"rotation":0}
         ],
    "11":[
         {"inttag":11,"picName":"gamescene/111.png","positionX":8,"positionY":13,"rotation":0},
         {"inttag":11,"picName":"gamescene/111.png","positionX":8,"positionY":10,"rotation":0},
         {"inttag":16,"picName":"gamescene/116.png","positionX":8,"positionY":6,"rotation":0},
         {"inttag":1022,"picName":"gamescene/1022.png","positionX":15,"positionY":10,"rotation":0}
         ],
    "12":[
         
         {"inttag":11,"picName":"gamescene/111.png","positionX":9,"positionY":7,"rotation":45},
         {"inttag":13,"picName":"gamescene/113.png","positionX":13,"positionY":9,"rotation":0},
         {"inttag":11,"picName":"gamescene/111.png","positionX":17,"positionY":13,"rotation":345},
         {"inttag":1023,"picName":"gamescene/1023.png","positionX":15,"positionY":10,"rotation":0}
         ],
    "13":[
          {"inttag":13,"picName":"gamescene/113.png","positionX":9,"positionY":7,"rotation":45},
          {"inttag":13,"picName":"gamescene/113.png","positionX":21,"positionY":7,"rotation":45},
          {"inttag":16,"picName":"gamescene/116.png","positionX":15,"positionY":7,"rotation":0},
          {"inttag":1024,"picName":"gamescene/1024.png","positionX":15,"positionY":10,"rotation":0}
         ],
    "14":[
         {"inttag":16,"picName":"gamescene/116.png","positionX":9,"positionY":9,"rotation":0},
         {"inttag":16,"picName":"gamescene/116.png","positionX":15,"positionY":9,"rotation":0},
         {"inttag":11,"picName":"gamescene/111.png","positionX":12,"positionY":12,"rotation":180},
         {"inttag":11,"picName":"gamescene/111.png","positionX":12,"positionY":6,"rotation":0},
         {"inttag":1025,"picName":"gamescene/1025.png","positionX":15,"positionY":10,"rotation":0}
         ],
    "15":[
          {"inttag":16,"picName":"gamescene/116.png","positionX":7,"positionY":6,"rotation":0},
          {"inttag":16,"picName":"gamescene/116.png","positionX":13,"positionY":6,"rotation":0},
          {"inttag":16,"picName":"gamescene/116.png","positionX":18,"positionY":6,"rotation":30},
          {"inttag":16,"picName":"gamescene/116.png","positionX":23,"positionY":6,"rotation":330},
         {"inttag":1026,"picName":"gamescene/1026.png","positionX":15,"positionY":10,"rotation":0}
         ],
    "16":[
         {"inttag":11,"picName":"gamescene/111.png","positionX":12,"positionY":11,"rotation":0},
         {"inttag":11,"picName":"gamescene/111.png","positionX":17,"positionY":8,"rotation":90},
         {"inttag":11,"picName":"gamescene/111.png","positionX":7,"positionY":8,"rotation":270},
         {"inttag":11,"picName":"gamescene/111.png","positionX":12,"positionY":4,"rotation":180},
         {"inttag":1027,"picName":"gamescene/1027.png","positionX":15,"positionY":10,"rotation":0}
         ],
    "17":[
         
         {"inttag":13,"picName":"gamescene/113.png","positionX":8,"positionY":9,"rotation":0},
         {"inttag":13,"picName":"gamescene/113.png","positionX":12,"positionY":7,"rotation":0},
          {"inttag":13,"picName":"gamescene/113.png","positionX":15,"positionY":6,"rotation":0},
          {"inttag":11,"picName":"gamescene/111.png","positionX":19,"positionY":12,"rotation":45},
         {"inttag":1028,"picName":"gamescene/1028.png","positionX":15,"positionY":10,"rotation":0}
         ],
    "18":[
          {"inttag":13,"picName":"gamescene/113.png","positionX":21,"positionY":13,"rotation":18},
          {"inttag":13,"picName":"gamescene/113.png","positionX":9,"positionY":6,"rotation":167},
          {"inttag":11,"picName":"gamescene/111.png","positionX":17,"positionY":8,"rotation":318},
          {"inttag":16,"picName":"gamescene/116.png","positionX":8,"positionY":14,"rotation":0},
          {"inttag":1029,"picName":"gamescene/1029.png","positionX":15,"positionY":10,"rotation":0}
         ],
    "19":[
          {"inttag":37,"picName":"gamescene/337.png","positionX":13,"positionY":19,"rotation":345},
          {"inttag":38,"picName":"gamescene/338.png","positionX":17,"positionY":12,"rotation":165},
          {"inttag":33,"picName":"gamescene/333.png","positionX":19,"positionY":6,"rotation":180},
          {"inttag":36,"picName":"gamescene/336.png","positionX":17,"positionY":6,"rotation":0},
          {"inttag":1031,"picName":"gamescene/1031.png","positionX":15,"positionY":14,"rotation":0}
          ],
    "20":[
          {"inttag":33,"picName":"gamescene/333.png","positionX":9,"positionY":15,"rotation":0},
          {"inttag":38,"picName":"gamescene/438.png","positionX":16,"positionY":14,"rotation":150},
          {"inttag":36,"picName":"gamescene/336.png","positionX":15,"positionY":9,"rotation":135},
          {"inttag":37,"picName":"gamescene/437.png","positionX":18,"positionY":7,"rotation":330},
          {"inttag":1032,"picName":"gamescene/1032.png","positionX":15,"positionY":14,"rotation":0}
          ],
    "21":[
          {"inttag":33,"picName":"gamescene/333.png","positionX":16,"positionY":16,"rotation":315},
          {"inttag":36,"picName":"gamescene/436.png","positionX":23,"positionY":12,"rotation":226},
          {"inttag":38,"picName":"gamescene/338.png","positionX":17,"positionY":6,"rotation":75},
          {"inttag":37,"picName":"gamescene/437.png","positionX":19,"positionY":11,"rotation":330},
          {"inttag":1033,"picName":"gamescene/1033.png","positionX":15,"positionY":14,"rotation":0}
          ],
    "22":[
          {"inttag":37,"picName":"gamescene/337.png","positionX":16,"positionY":14,"rotation":345},
          {"inttag":38,"picName":"gamescene/438.png","positionX":22,"positionY":6,"rotation":285},
          {"inttag":33,"picName":"gamescene/333.png","positionX":9,"positionY":6,"rotation":180},
          {"inttag":36,"picName":"gamescene/336.png","positionX":19,"positionY":11,"rotation":270},
          {"inttag":1034,"picName":"gamescene/1034.png","positionX":15,"positionY":14,"rotation":0}
          ],
    "23":[
          {"inttag":38,"picName":"gamescene/438.png","positionX":22,"positionY":14,"rotation":285},
          {"inttag":33,"picName":"gamescene/333.png","positionX":24,"positionY":10,"rotation":90},
          {"inttag":37,"picName":"gamescene/437.png","positionX":14,"positionY":7,"rotation":285},
          {"inttag":36,"picName":"gamescene/436.png","positionX":20,"positionY":5,"rotation":0},
          {"inttag":1035,"picName":"gamescene/1035.png","positionX":15,"positionY":14,"rotation":0}
          ],
    "24":[
          {"inttag":38,"picName":"gamescene/338.png","positionX":9,"positionY":10,"rotation":345},
          {"inttag":33,"picName":"gamescene/333.png","positionX":16,"positionY":9,"rotation":90},
          {"inttag":37,"picName":"gamescene/337.png","positionX":13,"positionY":18,"rotation":345},
          {"inttag":36,"picName":"gamescene/336.png","positionX":16,"positionY":14,"rotation":270},
          {"inttag":1036,"picName":"gamescene/1036.png","positionX":15,"positionY":14,"rotation":0}
          ],
    "25":[
          {"inttag":38,"picName":"gamescene/438.png","positionX":11,"positionY":10,"rotation":60},
          {"inttag":33,"picName":"gamescene/333.png","positionX":25,"positionY":6,"rotation":45},
          {"inttag":37,"picName":"gamescene/337.png","positionX":17,"positionY":5,"rotation":210},
          {"inttag":36,"picName":"gamescene/336.png","positionX":19,"positionY":9,"rotation":135},
          {"inttag":1037,"picName":"gamescene/1037.png","positionX":15,"positionY":14,"rotation":0}
          ],
    "26":[
          {"inttag":38,"picName":"gamescene/438.png","positionX":19,"positionY":9,"rotation":195},
          {"inttag":33,"picName":"gamescene/333.png","positionX":15,"positionY":17,"rotation":270},
          {"inttag":37,"picName":"gamescene/337.png","positionX":24,"positionY":15,"rotation":75},
          {"inttag":36,"picName":"gamescene/436.png","positionX":10,"positionY":13,"rotation":0},
          {"inttag":1038,"picName":"gamescene/1038.png","positionX":15,"positionY":14,"rotation":0}
          ],
    "27":[
          {"inttag":38,"picName":"gamescene/338.png","positionX":12,"positionY":9,"rotation":0},
          {"inttag":33,"picName":"gamescene/333.png","positionX":18,"positionY":8,"rotation":105},
          {"inttag":37,"picName":"gamescene/337.png","positionX":13,"positionY":20,"rotation":0},
          {"inttag":36,"picName":"gamescene/336.png","positionX":15,"positionY":16,"rotation":285},
          {"inttag":1039,"picName":"gamescene/1039.png","positionX":15,"positionY":14,"rotation":0}
          ],
    "28":[
          {"inttag":38,"picName":"gamescene/438.png","positionX":12,"positionY":20,"rotation":173},
          {"inttag":33,"picName":"gamescene/333.png","positionX":18,"positionY":22,"rotation":340},
          {"inttag":37,"picName":"gamescene/337.png","positionX":23,"positionY":10,"rotation":145},
          {"inttag":36,"picName":"gamescene/336.png","positionX":18,"positionY":12,"rotation":69},
          {"inttag":1041,"picName":"gamescene/1041.png","positionX":15,"positionY":14,"rotation":0}
          ],
    "29":[
          {"inttag":38,"picName":"gamescene/438.png","positionX":11,"positionY":9,"rotation":230},
          {"inttag":33,"picName":"gamescene/333.png","positionX":17,"positionY":7,"rotation":35},
          {"inttag":37,"picName":"gamescene/437.png","positionX":16,"positionY":16,"rotation":228},
          {"inttag":36,"picName":"gamescene/436.png","positionX":22,"positionY":18,"rotation":305},
          {"inttag":1042,"picName":"gamescene/1042.png","positionX":15,"positionY":14,"rotation":0}

          ],
    "30":[
          {"inttag":38,"picName":"gamescene/438.png","positionX":7,"positionY":10,"rotation":196},
          {"inttag":33,"picName":"gamescene/333.png","positionX":14,"positionY":10,"rotation":0},
          {"inttag":37,"picName":"gamescene/437.png","positionX":18,"positionY":9,"rotation":195},
          {"inttag":36,"picName":"gamescene/436.png","positionX":21,"positionY":13,"rotation":270},
          {"inttag":1043,"picName":"gamescene/1043.png","positionX":15,"positionY":14,"rotation":0}

          ],
    "31":[
          {"inttag":38,"picName":"gamescene/438.png","positionX":20,"positionY":6,"rotation":105},
          {"inttag":33,"picName":"gamescene/333.png","positionX":19,"positionY":9,"rotation":270},
          {"inttag":37,"picName":"gamescene/437.png","positionX":14,"positionY":8,"rotation":105},
          {"inttag":36,"picName":"gamescene/436.png","positionX":8,"positionY":10,"rotation":180},
          {"inttag":1044,"picName":"gamescene/1044.png","positionX":15,"positionY":14,"rotation":0}
          ],
    "32":[
          {"inttag":38,"picName":"gamescene/438.png","positionX":19,"positionY":9,"rotation":195},
          {"inttag":33,"picName":"gamescene/333.png","positionX":27,"positionY":9,"rotation":0},
          {"inttag":37,"picName":"gamescene/337.png","positionX":8,"positionY":10,"rotation":345},
          {"inttag":36,"picName":"gamescene/336.png","positionX":11,"positionY":6,"rotation":270},
          {"inttag":1045,"picName":"gamescene/1045.png","positionX":15,"positionY":14,"rotation":0}
          ],
    "33":[
          {"inttag":38,"picName":"gamescene/338.png","positionX":13,"positionY":7,"rotation":30},
          {"inttag":33,"picName":"gamescene/333.png","positionX":18,"positionY":4,"rotation":135},
          {"inttag":37,"picName":"gamescene/337.png","positionX":12,"positionY":14,"rotation":30},
          {"inttag":36,"picName":"gamescene/336.png","positionX":10,"positionY":10,"rotation":315},
          {"inttag":1046,"picName":"gamescene/1046.png","positionX":15,"positionY":14,"rotation":0}
          
          ],
    "34":[
          {"inttag":38,"picName":"gamescene/338.png","positionX":11,"positionY":17,"rotation":345},
          {"inttag":33,"picName":"gamescene/333.png","positionX":19,"positionY":15,"rotation":0},
          {"inttag":37,"picName":"gamescene/337.png","positionX":15,"positionY":10,"rotation":165},
          {"inttag":36,"picName":"gamescene/336.png","positionX":11,"positionY":5,"rotation":270},
          {"inttag":1047,"picName":"gamescene/1047.png","positionX":15,"positionY":14,"rotation":0}
          
          ],
    "35":[
          {"inttag":38,"picName":"gamescene/338.png","positionX":14,"positionY":11,"rotation":210},
          {"inttag":33,"picName":"gamescene/333.png","positionX":9,"positionY":14,"rotation":312},
          {"inttag":37,"picName":"gamescene/337.png","positionX":20,"positionY":7,"rotation":210},
          {"inttag":36,"picName":"gamescene/336.png","positionX":23,"positionY":10,"rotation":135},
          {"inttag":1048,"picName":"gamescene/1048.png","positionX":15,"positionY":14,"rotation":0}
          ],
    "36":[
          {"inttag":38,"picName":"gamescene/438.png","positionX":11,"positionY":11,"rotation":240},
          {"inttag":33,"picName":"gamescene/333.png","positionX":16,"positionY":8,"rotation":45},
          {"inttag":37,"picName":"gamescene/337.png","positionX":18,"positionY":10,"rotation":300},
          {"inttag":36,"picName":"gamescene/336.png","positionX":24,"positionY":9,"rotation":225},
          {"inttag":1049,"picName":"gamescene/1049.png","positionX":15,"positionY":14,"rotation":0}
          ],
    "Ipad1":[
         {"inttag":11,"picName":"gamescene/111.png","positionX":15,"positionY":12,"rotation":180},
         {"inttag":16,"picName":"gamescene/116.png","positionX":15,"positionY":9,"rotation":0},
         {"inttag":1011,"picName":"gamescene/1011.png","positionX":15,"positionY":10,"rotation":0}
         ],
    "Ipad2":[
         {"inttag":13,"picName":"gamescene/113.png","positionX":15,"positionY":10,"rotation":45},
         {"inttag":11,"picName":"gamescene/111.png","positionX":15,"positionY":9,"rotation":0},
         {"inttag":1012,"picName":"gamescene/1012.png","positionX":15,"positionY":10,"rotation":0}
         ],
    "Ipad3":[
         
         {"inttag":11,"picName":"gamescene/111.png","positionX":15,"positionY":11,"rotation":0},
         {"inttag":11,"picName":"gamescene/111.png","positionX":15,"positionY":9,"rotation":180},
         {"inttag":1013,"picName":"gamescene/1013.png","positionX":15,"positionY":10,"rotation":0}
         ],
    "Ipad4":[
         {"inttag":13,"picName":"gamescene/113.png","positionX":15,"positionY":11,"rotation":45},
         {"inttag":16,"picName":"gamescene/116.png","positionX":15,"positionY":7,"rotation":0},
         {"inttag":1014,"picName":"gamescene/1014.png","positionX":15,"positionY":10,"rotation":0}
         ],
    "Ipad5":[
         {"inttag":16,"picName":"gamescene/116.png","positionX":15,"positionY":10,"rotation":0},
         {"inttag":11,"picName":"gamescene/111.png","positionX":15,"positionY":9,"rotation":180},
         {"inttag":1015,"picName":"gamescene/1015.png","positionX":15,"positionY":10,"rotation":0}
         ],
    "Ipad6":[
         {"inttag":16,"picName":"gamescene/116.png","positionX":15,"positionY":12,"rotation":0},
         {"inttag":11,"picName":"gamescene/111.png","positionX":11,"positionY":8,"rotation":0},
         {"inttag":11,"picName":"gamescene/111.png","positionX":19,"positionY":8,"rotation":0},
         {"inttag":1016,"picName":"gamescene/1016.png","positionX":15,"positionY":10,"rotation":0}
         ],
    "Ipad7":[
         {"inttag":13,"picName":"gamescene/113.png","positionX":11,"positionY":12,"rotation":0},
         {"inttag":13,"picName":"gamescene/113.png","positionX":15,"positionY":10,"rotation":0},
         {"inttag":13,"picName":"gamescene/113.png","positionX":19,"positionY":8,"rotation":0},
         {"inttag":1017,"picName":"gamescene/1017.png","positionX":15,"positionY":10,"rotation":0}
         ],
    "Ipad8":[
         {"inttag":11,"picName":"gamescene/111.png","positionX":11,"positionY":10,"rotation":0},
         {"inttag":11,"picName":"gamescene/111.png","positionX":15,"positionY":10,"rotation":180},
         {"inttag":11,"picName":"gamescene/111.png","positionX":19,"positionY":10,"rotation":0},
         {"inttag":1018,"picName":"gamescene/1018.png","positionX":15,"positionY":10,"rotation":0}
         ],
    "Ipad9":[
         {"inttag":11,"picName":"gamescene/111.png","positionX":15,"positionY":14,"rotation":0},
         {"inttag":13,"picName":"gamescene/113.png","positionX":15,"positionY":10,"rotation":45},
         {"inttag":11,"picName":"gamescene/111.png","positionX":15,"positionY":6,"rotation":180},
         {"inttag":1019,"picName":"gamescene/1019.png","positionX":15,"positionY":10,"rotation":0}
         ],
    "Ipad10":[
          {"inttag":11,"picName":"gamescene/111.png","positionX":10,"positionY":17,"rotation":0},
          {"inttag":13,"picName":"gamescene/113.png","positionX":10,"positionY":8,"rotation":0},
          {"inttag":11,"picName":"gamescene/111.png","positionX":10,"positionY":4,"rotation":0},
          {"inttag":1021,"picName":"gamescene/1021.png","positionX":15,"positionY":14,"rotation":0}
          ],
    "Ipad11":[
          {"inttag":11,"picName":"gamescene/111.png","positionX":8,"positionY":15,"rotation":0},
          {"inttag":11,"picName":"gamescene/111.png","positionX":8,"positionY":10,"rotation":0},
          {"inttag":16,"picName":"gamescene/116.png","positionX":8,"positionY":4,"rotation":0},
          {"inttag":1022,"picName":"gamescene/1022.png","positionX":15,"positionY":14,"rotation":0}
          ],
    "Ipad12":[
          
          {"inttag":11,"picName":"gamescene/111.png","positionX":9,"positionY":6,"rotation":45},
          {"inttag":13,"picName":"gamescene/113.png","positionX":13,"positionY":8,"rotation":0},
          {"inttag":11,"picName":"gamescene/111.png","positionX":17,"positionY":14,"rotation":345},
          {"inttag":1023,"picName":"gamescene/1023.png","positionX":15,"positionY":14,"rotation":0}
          ],
    "Ipad13":[
          {"inttag":13,"picName":"gamescene/113.png","positionX":9,"positionY":10,"rotation":45},
          {"inttag":13,"picName":"gamescene/113.png","positionX":21,"positionY":10,"rotation":45},
          {"inttag":16,"picName":"gamescene/116.png","positionX":15,"positionY":10,"rotation":0},
          {"inttag":1024,"picName":"gamescene/1024.png","positionX":15,"positionY":14,"rotation":0}
          ],
    "Ipad14":[
          {"inttag":16,"picName":"gamescene/116.png","positionX":8,"positionY":13,"rotation":0},
          {"inttag":16,"picName":"gamescene/116.png","positionX":15,"positionY":13,"rotation":0},
          {"inttag":11,"picName":"gamescene/111.png","positionX":12,"positionY":18,"rotation":180},
          {"inttag":11,"picName":"gamescene/111.png","positionX":12,"positionY":8,"rotation":0},
          {"inttag":1025,"picName":"gamescene/1025.png","positionX":15,"positionY":14,"rotation":0}
          ],
    "Ipad15":[
          {"inttag":16,"picName":"gamescene/116.png","positionX":7,"positionY":9,"rotation":0},
          {"inttag":16,"picName":"gamescene/116.png","positionX":13,"positionY":9,"rotation":0},
          {"inttag":16,"picName":"gamescene/116.png","positionX":18,"positionY":9,"rotation":30},
          {"inttag":16,"picName":"gamescene/116.png","positionX":23,"positionY":9,"rotation":330},
          {"inttag":1026,"picName":"gamescene/1026.png","positionX":15,"positionY":14,"rotation":0}
          ],
    "Ipad16":[
          {"inttag":11,"picName":"gamescene/111.png","positionX":12,"positionY":15,"rotation":0},
          {"inttag":11,"picName":"gamescene/111.png","positionX":17,"positionY":11,"rotation":90},
          {"inttag":11,"picName":"gamescene/111.png","positionX":7,"positionY":11,"rotation":270},
          {"inttag":11,"picName":"gamescene/111.png","positionX":12,"positionY":7,"rotation":180},
          {"inttag":1027,"picName":"gamescene/1027.png","positionX":15,"positionY":14,"rotation":0}
          ],
    "Ipad17":[
          
          {"inttag":13,"picName":"gamescene/113.png","positionX":9,"positionY":13,"rotation":0},
          {"inttag":13,"picName":"gamescene/113.png","positionX":13,"positionY":10,"rotation":0},
          {"inttag":13,"picName":"gamescene/113.png","positionX":16,"positionY":8,"rotation":0},
          {"inttag":11,"picName":"gamescene/111.png","positionX":20,"positionY":16,"rotation":45},
          {"inttag":1028,"picName":"gamescene/1028.png","positionX":16,"positionY":14,"rotation":0}
          ],
    "Ipad18":[
          {"inttag":13,"picName":"gamescene/113.png","positionX":21,"positionY":17,"rotation":18},
          {"inttag":13,"picName":"gamescene/113.png","positionX":9,"positionY":8,"rotation":167},
          {"inttag":11,"picName":"gamescene/111.png","positionX":18,"positionY":11,"rotation":318},
          {"inttag":16,"picName":"gamescene/116.png","positionX":8,"positionY":18,"rotation":0},
          {"inttag":1029,"picName":"gamescene/1029.png","positionX":15,"positionY":14,"rotation":0}
          ],
    "Ipad19":[
          {"inttag":37,"picName":"gamescene/337.png","positionX":13,"positionY":24,"rotation":345},
          {"inttag":38,"picName":"gamescene/338.png","positionX":17,"positionY":14,"rotation":165},
          {"inttag":33,"picName":"gamescene/333.png","positionX":19,"positionY":4,"rotation":180},
          {"inttag":36,"picName":"gamescene/336.png","positionX":17,"positionY":4,"rotation":0},
          {"inttag":1031,"picName":"gamescene/1031.png","positionX":15,"positionY":16,"rotation":0}
          ],
    "Ipad20":[
          {"inttag":33,"picName":"gamescene/333.png","positionX":9,"positionY":17,"rotation":0},
          {"inttag":38,"picName":"gamescene/438.png","positionX":16,"positionY":16,"rotation":150},
          {"inttag":36,"picName":"gamescene/336.png","positionX":15,"positionY":8,"rotation":135},
          {"inttag":37,"picName":"gamescene/437.png","positionX":19,"positionY":5,"rotation":330},
          {"inttag":1032,"picName":"gamescene/1032.png","positionX":15,"positionY":16,"rotation":0}
          ],
    "Ipad21":[
          {"inttag":33,"picName":"gamescene/333.png","positionX":17,"positionY":19,"rotation":315},
          {"inttag":36,"picName":"gamescene/436.png","positionX":24,"positionY":14,"rotation":226},
          {"inttag":38,"picName":"gamescene/338.png","positionX":17,"positionY":4,"rotation":75},
          {"inttag":37,"picName":"gamescene/437.png","positionX":20,"positionY":11,"rotation":330},
          {"inttag":1033,"picName":"gamescene/1033.png","positionX":15,"positionY":16,"rotation":0}
          ],
    "Ipad22":[
          {"inttag":37,"picName":"gamescene/337.png","positionX":16,"positionY":16,"rotation":345},
          {"inttag":38,"picName":"gamescene/438.png","positionX":23,"positionY":4,"rotation":285},
          {"inttag":33,"picName":"gamescene/333.png","positionX":9,"positionY":4,"rotation":180},
          {"inttag":36,"picName":"gamescene/336.png","positionX":20,"positionY":11,"rotation":270},
          {"inttag":1034,"picName":"gamescene/1034.png","positionX":15,"positionY":16,"rotation":0}
          ],
    "Ipad23":[
          {"inttag":38,"picName":"gamescene/438.png","positionX":23,"positionY":16,"rotation":285},
          {"inttag":33,"picName":"gamescene/333.png","positionX":25,"positionY":10,"rotation":90},
          {"inttag":37,"picName":"gamescene/437.png","positionX":16,"positionY":6,"rotation":285},
          {"inttag":36,"picName":"gamescene/436.png","positionX":21,"positionY":4,"rotation":0},
          {"inttag":1035,"picName":"gamescene/1035.png","positionX":15,"positionY":16,"rotation":0}
          ],
    "Ipad24":[
          {"inttag":38,"picName":"gamescene/338.png","positionX":8,"positionY":10,"rotation":345},
          {"inttag":33,"picName":"gamescene/333.png","positionX":16,"positionY":9,"rotation":90},
          {"inttag":37,"picName":"gamescene/337.png","positionX":13,"positionY":21,"rotation":345},
          {"inttag":36,"picName":"gamescene/336.png","positionX":16,"positionY":16,"rotation":270},
          {"inttag":1036,"picName":"gamescene/1036.png","positionX":15,"positionY":16,"rotation":0}
          ],
    "Ipad25":[
          {"inttag":38,"picName":"gamescene/438.png","positionX":11,"positionY":9,"rotation":60},
          {"inttag":33,"picName":"gamescene/333.png","positionX":26,"positionY":5,"rotation":45},
          {"inttag":37,"picName":"gamescene/337.png","positionX":17,"positionY":3,"rotation":210},
          {"inttag":36,"picName":"gamescene/336.png","positionX":19,"positionY":8,"rotation":135},
          {"inttag":1037,"picName":"gamescene/1037.png","positionX":15,"positionY":16,"rotation":0}
          ],
    "Ipad26":[
          {"inttag":38,"picName":"gamescene/438.png","positionX":19,"positionY":9,"rotation":195},
          {"inttag":33,"picName":"gamescene/333.png","positionX":15,"positionY":20,"rotation":270},
          {"inttag":37,"picName":"gamescene/337.png","positionX":24,"positionY":17,"rotation":75},
          {"inttag":36,"picName":"gamescene/436.png","positionX":10,"positionY":15,"rotation":0},
          {"inttag":1038,"picName":"gamescene/1038.png","positionX":15,"positionY":16,"rotation":0}
          ],
    "Ipad27":[
          {"inttag":38,"picName":"gamescene/338.png","positionX":12,"positionY":9,"rotation":0},
          {"inttag":33,"picName":"gamescene/333.png","positionX":18,"positionY":7,"rotation":105},
          {"inttag":37,"picName":"gamescene/337.png","positionX":13,"positionY":25,"rotation":0},
          {"inttag":36,"picName":"gamescene/336.png","positionX":15,"positionY":20,"rotation":285},
          {"inttag":1039,"picName":"gamescene/1039.png","positionX":15,"positionY":16,"rotation":0}
          ],
    "Ipad28":[
          {"inttag":38,"picName":"gamescene/438.png","positionX":11,"positionY":25,"rotation":173},
          {"inttag":33,"picName":"gamescene/333.png","positionX":19,"positionY":27,"rotation":338},
          {"inttag":37,"picName":"gamescene/337.png","positionX":23,"positionY":11,"rotation":145},
          {"inttag":36,"picName":"gamescene/336.png","positionX":17,"positionY":15,"rotation":69},
          {"inttag":1041,"picName":"gamescene/1041.png","positionX":15,"positionY":16,"rotation":0}
          ],
    "Ipad29":[
          {"inttag":38,"picName":"gamescene/438.png","positionX":10,"positionY":8,"rotation":230},
          {"inttag":33,"picName":"gamescene/333.png","positionX":17,"positionY":6,"rotation":35},
          {"inttag":37,"picName":"gamescene/437.png","positionX":16,"positionY":19,"rotation":228},
          {"inttag":36,"picName":"gamescene/436.png","positionX":22,"positionY":21,"rotation":305},
          {"inttag":1042,"picName":"gamescene/1042.png","positionX":15,"positionY":16,"rotation":0}
          
          ],
    "Ipad30":[
          {"inttag":38,"picName":"gamescene/438.png","positionX":6,"positionY":10,"rotation":195},
          {"inttag":33,"picName":"gamescene/333.png","positionX":14,"positionY":10,"rotation":0},
          {"inttag":37,"picName":"gamescene/437.png","positionX":19,"positionY":9,"rotation":195},
          {"inttag":36,"picName":"gamescene/436.png","positionX":22,"positionY":14,"rotation":270},
          {"inttag":1043,"picName":"gamescene/1043.png","positionX":15,"positionY":16,"rotation":0}
          
          ],
    "Ipad31":[
          {"inttag":38,"picName":"gamescene/438.png","positionX":20,"positionY":4,"rotation":105},
          {"inttag":33,"picName":"gamescene/333.png","positionX":19,"positionY":10,"rotation":270},
          {"inttag":37,"picName":"gamescene/437.png","positionX":13,"positionY":8,"rotation":105},
          {"inttag":36,"picName":"gamescene/436.png","positionX":7,"positionY":10,"rotation":180},
          {"inttag":1044,"picName":"gamescene/1044.png","positionX":15,"positionY":16,"rotation":0}
          ],
    "Ipad32":[
          {"inttag":38,"picName":"gamescene/438.png","positionX":20,"positionY":9,"rotation":195},
          {"inttag":33,"picName":"gamescene/333.png","positionX":27,"positionY":10,"rotation":0},
          {"inttag":37,"picName":"gamescene/337.png","positionX":9,"positionY":11,"rotation":345},
          {"inttag":36,"picName":"gamescene/336.png","positionX":12,"positionY":6,"rotation":270},
          {"inttag":1045,"picName":"gamescene/1045.png","positionX":15,"positionY":16,"rotation":0}
          ],
    "Ipad33":[
          {"inttag":38,"picName":"gamescene/338.png","positionX":13,"positionY":5,"rotation":30},
          {"inttag":33,"picName":"gamescene/333.png","positionX":19,"positionY":1,"rotation":135},
          {"inttag":37,"picName":"gamescene/337.png","positionX":12,"positionY":15,"rotation":30},
          {"inttag":36,"picName":"gamescene/336.png","positionX":10,"positionY":10,"rotation":315},
          {"inttag":1046,"picName":"gamescene/1046.png","positionX":15,"positionY":16,"rotation":0}
          
          ],
    "Ipad34":[
          {"inttag":38,"picName":"gamescene/338.png","positionX":10,"positionY":20,"rotation":345},
          {"inttag":33,"picName":"gamescene/333.png","positionX":18,"positionY":16,"rotation":0},
          {"inttag":37,"picName":"gamescene/337.png","positionX":14,"positionY":10,"rotation":165},
          {"inttag":36,"picName":"gamescene/336.png","positionX":11,"positionY":4,"rotation":270},
          {"inttag":1047,"picName":"gamescene/1047.png","positionX":15,"positionY":16,"rotation":0}
          
          ],
    "Ipad35":[
          {"inttag":38,"picName":"gamescene/338.png","positionX":13,"positionY":11,"rotation":210},
          {"inttag":33,"picName":"gamescene/333.png","positionX":8,"positionY":16,"rotation":312},
          {"inttag":37,"picName":"gamescene/337.png","positionX":21,"positionY":6,"rotation":210},
          {"inttag":36,"picName":"gamescene/336.png","positionX":24,"positionY":11,"rotation":135},
          {"inttag":1048,"picName":"gamescene/1048.png","positionX":15,"positionY":16,"rotation":0}
          ],
    "Ipad36":[
          {"inttag":38,"picName":"gamescene/438.png","positionX":10,"positionY":11,"rotation":240},
          {"inttag":33,"picName":"gamescene/333.png","positionX":16,"positionY":7,"rotation":45},
          {"inttag":37,"picName":"gamescene/337.png","positionX":18,"positionY":10,"rotation":300},
          {"inttag":36,"picName":"gamescene/336.png","positionX":25,"positionY":8,"rotation":225},
          {"inttag":1049,"picName":"gamescene/1049.png","positionX":15,"positionY":16,"rotation":0}
          ]
}